q1_left,q2_left,q3_left,q4_left,q5_left,q6_left,q7_left,q1_right,q2_right,q3_right,q4_right,q5_right,q6_right,q7_right
0.0,-0.774,0.0,-2.35,0.0,1.573,0.785,0.0,-0.785,0.0,-2.356,0.0,1.571,0.785
0.0,-0.767,0.0,-2.343,0.0,1.576,0.785,0.0,-0.785,0.0,-2.356,0.0,1.571,0.785
-0.024,-0.745,-0.032,-2.317,-0.016,1.589,0.78,0.0,-0.785,0.0,-2.356,0.0,1.571,0.785
-0.013,-0.745,-0.028,-2.316,-0.019,1.594,0.768,0.0,-0.785,0.0,-2.356,0.0,1.571,0.785
0.027,-0.745,0.012,-2.316,0.019,1.598,0.781,-0.011,-0.784,-0.025,-2.355,-0.014,1.571,0.784
0.03,-0.739,0.041,-2.308,0.025,1.601,0.795,-0.036,-0.771,-0.042,-2.347,-0.04,1.572,0.767
0.033,-0.725,0.047,-2.293,0.028,1.603,0.804,-0.02,-0.752,-0.049,-2.336,-0.044,1.575,0.76
0.037,-0.707,0.057,-2.272,0.028,1.604,0.806,-0.021,-0.772,-0.061,-2.343,-0.05,1.576,0.758
0.042,-0.684,0.071,-2.245,0.028,1.604,0.806,-0.021,-0.768,-0.077,-2.342,-0.057,1.576,0.758
0.049,-0.659,0.088,-2.215,0.028,1.604,0.806,-0.021,-0.766,-0.096,-2.342,-0.066,1.576,0.758
0.056,-0.632,0.107,-2.183,0.029,1.604,0.806,-0.021,-0.763,-0.118,-2.342,-0.074,1.576,0.758
0.064,-0.603,0.128,-2.148,0.029,1.604,0.806,-0.022,-0.761,-0.142,-2.342,-0.084,1.576,0.758
0.074,-0.571,0.151,-2.111,0.029,1.605,0.806,-0.023,-0.759,-0.168,-2.342,-0.093,1.576,0.758
0.084,-0.541,0.175,-2.075,0.029,1.607,0.806,-0.024,-0.757,-0.194,-2.342,-0.103,1.576,0.758
0.094,-0.508,0.2,-2.037,0.029,1.608,0.806,-0.026,-0.755,-0.222,-2.342,-0.113,1.576,0.758
0.105,-0.476,0.226,-1.999,0.03,1.61,0.806,-0.028,-0.754,-0.25,-2.342,-0.123,1.576,0.758
0.116,-0.443,0.254,-1.96,0.03,1.611,0.806,-0.031,-0.752,-0.28,-2.341,-0.133,1.576,0.758
0.127,-0.411,0.281,-1.923,0.03,1.614,0.806,-0.034,-0.751,-0.309,-2.341,-0.143,1.576,0.758
0.139,-0.377,0.31,-1.885,0.03,1.616,0.806,-0.038,-0.75,-0.341,-2.341,-0.153,1.576,0.758
0.151,-0.344,0.34,-1.847,0.03,1.619,0.806,-0.041,-0.749,-0.372,-2.341,-0.164,1.576,0.758
0.163,-0.311,0.369,-1.811,0.031,1.623,0.806,-0.045,-0.748,-0.404,-2.341,-0.174,1.576,0.758
0.175,-0.279,0.399,-1.775,0.031,1.626,0.806,-0.05,-0.747,-0.435,-2.341,-0.185,1.576,0.758
0.186,-0.249,0.428,-1.742,0.031,1.629,0.806,-0.053,-0.746,-0.465,-2.341,-0.195,1.576,0.758
0.199,-0.214,0.461,-1.705,0.032,1.633,0.806,-0.058,-0.745,-0.5,-2.341,-0.206,1.576,0.757
0.211,-0.182,0.492,-1.67,0.032,1.636,0.806,-0.062,-0.745,-0.533,-2.341,-0.217,1.576,0.757
0.223,-0.151,0.523,-1.637,0.033,1.639,0.806,-0.066,-0.744,-0.565,-2.341,-0.228,1.576,0.757
0.235,-0.118,0.555,-1.604,0.033,1.643,0.806,-0.071,-0.744,-0.598,-2.341,-0.239,1.576,0.757
0.247,-0.088,0.586,-1.574,0.034,1.647,0.806,-0.075,-0.743,-0.629,-2.341,-0.249,1.577,0.757
0.259,-0.057,0.618,-1.544,0.035,1.651,0.806,-0.08,-0.743,-0.662,-2.34,-0.26,1.577,0.757
0.271,-0.027,0.649,-1.515,0.035,1.655,0.807,-0.085,-0.743,-0.693,-2.34,-0.271,1.577,0.757
0.282,0.003,0.681,-1.487,0.036,1.658,0.807,-0.09,-0.743,-0.724,-2.34,-0.282,1.577,0.757
0.293,0.035,0.715,-1.458,0.036,1.661,0.807,-0.095,-0.742,-0.755,-2.34,-0.294,1.577,0.757
0.305,0.065,0.747,-1.431,0.037,1.664,0.807,-0.101,-0.742,-0.786,-2.34,-0.305,1.577,0.757
0.316,0.095,0.78,-1.405,0.038,1.668,0.807,-0.106,-0.742,-0.816,-2.34,-0.316,1.577,0.757
0.327,0.124,0.812,-1.38,0.038,1.671,0.807,-0.111,-0.742,-0.845,-2.34,-0.327,1.577,0.757
0.338,0.154,0.845,-1.355,0.039,1.675,0.807,-0.117,-0.742,-0.875,-2.34,-0.338,1.577,0.757
0.348,0.182,0.877,-1.333,0.04,1.678,0.807,-0.122,-0.742,-0.902,-2.34,-0.349,1.577,0.757
0.358,0.21,0.91,-1.311,0.041,1.681,0.807,-0.128,-0.742,-0.93,-2.34,-0.36,1.577,0.757
0.368,0.238,0.943,-1.289,0.041,1.684,0.807,-0.133,-0.742,-0.958,-2.34,-0.372,1.577,0.757
0.378,0.267,0.977,-1.268,0.042,1.688,0.807,-0.138,-0.742,-0.985,-2.34,-0.383,1.577,0.757
0.388,0.296,1.011,-1.247,0.043,1.691,0.807,-0.144,-0.742,-1.013,-2.339,-0.395,1.577,0.757
0.397,0.323,1.043,-1.228,0.043,1.694,0.807,-0.149,-0.742,-1.038,-2.339,-0.406,1.577,0.757
0.407,0.349,1.076,-1.211,0.044,1.697,0.807,-0.154,-0.742,-1.064,-2.339,-0.417,1.577,0.757
0.415,0.375,1.108,-1.194,0.045,1.699,0.807,-0.16,-0.742,-1.088,-2.339,-0.428,1.577,0.757
0.423,0.401,1.141,-1.177,0.045,1.702,0.807,-0.164,-0.742,-1.112,-2.339,-0.44,1.577,0.756
0.431,0.428,1.174,-1.161,0.046,1.704,0.807,-0.169,-0.742,-1.136,-2.339,-0.451,1.577,0.756
0.44,0.454,1.208,-1.145,0.046,1.707,0.807,-0.174,-0.742,-1.16,-2.339,-0.462,1.577,0.756
